epoch,avg_loss,steps_with_triplets
1,0.09231085192509883,264
2,0.07398487253703247,261
3,0.06220888959173605,265
4,0.048750334048098976,262
5,0.04544720316727487,262
6,0.057786316644918734,264
7,0.041860017303447676,261
8,0.047189762603430045,262
9,0.03785081434762105,264
10,0.03672841471764874,263
11,0.02866631244344391,263
12,0.036913557788181416,262
