epoch,avg_loss,steps_with_triplets
1,0.09757754849209582,264
2,0.06019237249439477,264
3,0.05886564231436493,263
4,0.05899041413114283,262
5,0.03747021073018605,263
6,0.037703861856288365,265
7,0.04437512494740866,262
8,0.03345827626565225,263
9,0.04056485167897816,263
10,0.04051715104537577,260
11,0.038626842483227966,262
12,0.033315446342886336,262
13,0.03452575034681567,263
14,0.025417758485429726,265
15,0.025586216090211892,265
