epoch,avg_loss,steps_with_triplets
1,0.0961832359649531,259
2,0.06356125364413942,263
3,0.0550066325409373,262
